{
    "rmse": 0.7580798927972184,
    "mae": 0.5928011318624776,
    "r2": 0.1566068551255252
}