{
    "rmse": 0.7036411074458766,
    "mae": 0.5484642532345406,
    "r2": 0.24955451163906595
}